janaki001@gmail.com janaki25
manoj2@gmail.com manojk5
varma201@gmail.com varma0010
muhammed8@gmail.com muhammed66
lekha75@gmail.com lekha1002
meghana5@gmail.com meg5hana
jerinj01@gmail.com jerinm202
anagha12@gmail.com anuanu
vishnu@gmail.com vishnu
